{"cameraMode":{"drawMode":0,"name":"Shaded","section":"Shading Mode"},"sceneLighting":true,"audioPlay":false,"sceneViewState":{"showFog":true,"showMaterialUpdate":false,"showSkybox":true,"showFlares":true,"showImageEffects":true,"showParticleSystems":true},"in2DMode":false,"pivot":{"x":-12.896880149841309,"y":62.72903060913086,"z":79.15928649902344},"rotation":{"x":-0.21554619073867799,"y":0.06935896724462509,"z":-0.01535075157880783,"w":-0.9739063382148743},"size":217.00502014160157,"orthographic":false}